<?xml version="1.0" encoding="UTF-8"?>
<!DOCTYPE generatorConfiguration PUBLIC "-//mybatis.org//DTD MyBatis Generator Configuration 1.0//EN" "http://mybatis.org/dtd/mybatis-generator-config_1_0.dtd">
<generatorConfiguration>
  <context id="junitdb">
    <jdbcConnection connectionURL="jdbc:mysql://localhost:3306/junitdb?characterEncoding=utf8" 
        driverClass="com.mysql.jdbc.Driver" 
        password="123456" userId="junitdb" />
    <javaModelGenerator 
        targetPackage="com.didispace.entity" 
        targetProject="Chapter3-1-1" />
    <sqlMapGenerator 
        targetPackage="com.didispace.mapper" 
        targetProject="Chapter3-1-1" />
    <javaClientGenerator 
        targetPackage="com.didispace.mapper" 
        targetProject="Chapter3-1-1" 
        type="XMLMAPPER" />
    <table schema="user" tableName="user"
        enableCountByExample="false" 
        enableUpdateByExample="false"
        enableDeleteByExample="false" 
        enableSelectByExample="false"
        selectByExampleQueryId="false"
     ></table> 
  </context>
</generatorConfiguration>